EXPEDIENTE;TIPO;ACTIVIDAD;REGIÓN;PROVINCIA;TAMAÑO;SECTOR;EMPLEADOS;ACTIVO;PATRIMONIO;VENTAS;UTILIDAD
11069;ANÓNIMA;G4663.13;SIERRA;PICHINCHA;GRANDE;SOCIETARIO;560;19013932,6;5441045,72;27523262,48;2935433,52
103998;ANÓNIMA;G4663.13;COSTA;GUAYAS;GRANDE;SOCIETARIO;145;16498974,5;11084842;54939460,87;1180874,92
23140;RESPONSABILIDAD LIMITADA;G4663.21;COSTA;EL ORO;GRANDE;SOCIETARIO;65;13759911,4;1854107,85;16703972,8;229199,17
165341;ANÓNIMA;G4663.13;COSTA;GUAYAS;GRANDE;SOCIETARIO;108;13015774,6;4353938,42;20409276,64;81756,86
49377;ANÓNIMA;G4649.23;SIERRA;PICHINCHA;GRANDE;SOCIETARIO;65;12664279,7;4547432,49;19232070,6;-900404,03
93937;RESPONSABILIDAD LIMITADA;G4510.01;SIERRA;SANTO DOMINGO;GRANDE;MERCADO DE VALORES;84;11244873,77;4368085,83;29561927,79;596396,75
64400;ANÓNIMA;G4530.00;SIERRA;PICHINCHA;GRANDE;SOCIETARIO;127;9995738;5025093,32;20630696,65;333167,81
134199;ANÓNIMA;G4630.91;COSTA;GUAYAS;GRANDE;SOCIETARIO;45;5253879,73;1517421,13;8854068,33;225228,4
13963;RESPONSABILIDAD LIMITADA;G4659.93;SIERRA;PICHINCHA;MEDIANA;SOCIETARIO;72;4062203,66;1652293,17;4671653,37;17206,79
95267;RESPONSABILIDAD LIMITADA;G4690.00;SIERRA;AZUAY;GRANDE;SOCIETARIO;20;3275649,18;316576,06;10046018,11;-58109,16
38591;ANÓNIMA;G4530.00;COSTA;GUAYAS;MEDIANA;SOCIETARIO;25;3264893,33;1027944,57;2538195,36;6781,2
114476;ANÓNIMA;G4641.12;COSTA;GUAYAS;MEDIANA;SOCIETARIO;35;3013187,79;714464,69;4086502,65;107856,94
85463;ANÓNIMA;G4771.11;SIERRA;PICHINCHA;MEDIANA;SOCIETARIO;12;2693648,97;621597,98;3961554,75;22993,29
20664;RESPONSABILIDAD LIMITADA;G4630.99;COSTA;GUAYAS;MEDIANA;SOCIETARIO;24;2014349,57;1621653,65;3440059,46;0
88220;RESPONSABILIDAD LIMITADA;G4659.95;SIERRA;PICHINCHA;MEDIANA;SOCIETARIO;26;1928838,75;442179,72;3518827,86;91519,65
59848;ANÓNIMA;G4690.00;COSTA;GUAYAS;PEQUEÑA;SOCIETARIO;8;1617287,42;1535759,49;294190,04;13974,28
107274;ANÓNIMA;G4669.21;COSTA;GUAYAS;MEDIANA;SOCIETARIO;40;1616155,08;1184721,13;2580843,6;433962,65
159836;RESPONSABILIDAD LIMITADA;G4669.11;SIERRA;PICHINCHA;MEDIANA;SOCIETARIO;11;1328945;570241,59;1881095,12;42162,13
139976;SUCURSAL  EXTRANJERA;G4661.01;SIERRA;PICHINCHA;GRANDE;SOCIETARIO;4;1320337,34;253863,3;5733202,12;242848,2
172393;RESPONSABILIDAD LIMITADA;G4719.00;SIERRA;AZUAY;PEQUEÑA;SOCIETARIO;14;1153072,75;916659,41;913932,73;2271,58
183316;ANÓNIMA;G4651.02;COSTA;GUAYAS;MEDIANA;SOCIETARIO;4;1133010,64;800;1772946,44;0
175356;ANÓNIMA;G4653.01;COSTA;GUAYAS;GRANDE;SOCIETARIO;5;1023332,03;260392,9;5315465,53;128361,51
141443;RESPONSABILIDAD LIMITADA;G4659.93;SIERRA;PICHINCHA;MEDIANA;SOCIETARIO;25;1007399,12;288438,61;1368719,25;10067,78
161597;RESPONSABILIDAD LIMITADA;G4530.00;SIERRA;PICHINCHA;PEQUEÑA;SOCIETARIO;25;918305,55;365885,76;776995,44;9034,4
6287;ANÓNIMA;G4772.01;SIERRA;LOJA;MEDIANA;SOCIETARIO;11;898147,63;450930,3;1559912,32;53250,41
90044;ANÓNIMA;G4752.01;COSTA;GUAYAS;PEQUEÑA;SOCIETARIO;4;816431,91;208417,25;547640,78;40911,05
129092;ANÓNIMA;G4630.31;COSTA;GUAYAS;MICROEMPRESA;SOCIETARIO;16;811372;809272;17415,25;2075,47
137699;RESPONSABILIDAD LIMITADA;G4741.13;SIERRA;AZUAY;MEDIANA;SOCIETARIO;14;650312,39;373753,22;2936577,21;109291,69
133927;ANÓNIMA;G4649.92;COSTA;GUAYAS;PEQUEÑA;SOCIETARIO;3;649638,6;9773,3;495401,98;2816,07
6783;RESPONSABILIDAD LIMITADA;G4799.01;SIERRA;AZUAY;MEDIANA;SOCIETARIO;30;634176,38;385826,82;1429918,14;-457865,04
99740;ANÓNIMA;G4652.02;COSTA;GUAYAS;MICROEMPRESA;SOCIETARIO;6;597320,89;591398,25;62487,84;0
172296;ANÓNIMA;G4649.23;COSTA;GUAYAS;PEQUEÑA;SOCIETARIO;3;549672,93;77790,41;282056,36;36918,9
181550;ANÓNIMA;G4651.02;COSTA;GUAYAS;PEQUEÑA;SOCIETARIO;9;499605,99;-243774,23;585000;-10279,18
300288;ANÓNIMA;G4653.01;SIERRA;PICHINCHA;MEDIANA;SOCIETARIO;6;498930;107385,52;1553059,66;69585,34
45228;ANÓNIMA;G4651.01;SIERRA;PICHINCHA;MICROEMPRESA;SOCIETARIO;2;498337,19;83411,07;48081,86;-12871,72
175274;ANÓNIMA;G4663.13;COSTA;GUAYAS;MEDIANA;SOCIETARIO;3;496962,63;63335,49;1925326,75;13529,92
34087;ANÓNIMA;G4741.11;COSTA;MANABI;PEQUEÑA;SOCIETARIO;4;494785,69;89719,82;612426,34;3027,48
169345;ANÓNIMA;G4641.21;SIERRA;PICHINCHA;PEQUEÑA;SOCIETARIO;12;492637,87;123976,44;709808,83;51343,72
172890;ANÓNIMA;G4649.24;SIERRA;PICHINCHA;PEQUEÑA;SOCIETARIO;8;492532,54;42675,89;117947,54;665,16
383;ANÓNIMA;G4761.03;SIERRA;PICHINCHA;MEDIANA;SOCIETARIO;29;491953,84;90078,33;1356792,54;-2316,8
27297;RESPONSABILIDAD LIMITADA;G4772.03;COSTA;GUAYAS;PEQUEÑA;SOCIETARIO;4;490174,39;282263,34;484537,18;8835,5
132572;RESPONSABILIDAD LIMITADA;G4772.02;COSTA;GUAYAS;MEDIANA;SOCIETARIO;4;489186,35;22970,29;1080421,37;4257,35
9664;ANÓNIMA;G4610.01;COSTA;GUAYAS;PEQUEÑA;SOCIETARIO;5;485149,5;277738,68;316375,19;9203,06
125916;ANÓNIMA;G4669.12;COSTA;GUAYAS;PEQUEÑA;SOCIETARIO;4;484418,46;8253,66;903795,73;5705,49
63520;ANÓNIMA;G4659.94;COSTA;GUAYAS;MICROEMPRESA;SOCIETARIO;4;467860,08;1000;0;0
160637;RESPONSABILIDAD LIMITADA;G4649.93;SIERRA;PICHINCHA;PEQUEÑA;SOCIETARIO;36;461276,78;155938,22;394226,79;110771,83
123414;ANÓNIMA;G4663.11;COSTA;GUAYAS;MEDIANA;SOCIETARIO;12;446341,18;180765,76;2201765,05;-44662,38
165034;ANÓNIMA;G4630.12;COSTA;GUAYAS;PEQUEÑA;SOCIETARIO;10;446026,87;32590,36;722693,56;1318,4
149470;ANÓNIMA;G4799.02;COSTA;GUAYAS;PEQUEÑA;SOCIETARIO;10;445727,16;367596,73;782701,34;66101,34
118807;ANÓNIMA;G4690.00;COSTA;GUAYAS;MEDIANA;SOCIETARIO;9;445319,17;149194,87;1586343,59;35645,27
138647;ANÓNIMA;G4610.04;GALAPAGOS;GALAPAGOS;MICROEMPRESA;SOCIETARIO;6;445091,05;9910,18;0;0
300110;ANÓNIMA;G4752.01;COSTA;GUAYAS;MEDIANA;SOCIETARIO;8;442341,89;160053,13;1132237,75;78692,21
160217;ANÓNIMA;G4659.22;SIERRA;PICHINCHA;PEQUEÑA;SOCIETARIO;4;432228,22;11616,66;382245,72;8893,91
114502;ANÓNIMA;G4649.97;COSTA;GUAYAS;PEQUEÑA;SOCIETARIO;30;430931,6;385193,49;641409,78;37823,28
716346;RESPONSABILIDAD LIMITADA;G4610.07;SIERRA;PICHINCHA;MEDIANA;SOCIETARIO;9;427643,71;28084,62;2226727,74;27684,62
83483;ANÓNIMA;G4759.05;COSTA;GUAYAS;PEQUEÑA;SOCIETARIO;4;424293,06;272774,49;2920,03;125
61143;ANÓNIMA;G4659.93;SIERRA;PICHINCHA;PEQUEÑA;SOCIETARIO;8;424076,29;204710,63;915937,39;52351,56
153437;RESPONSABILIDAD LIMITADA;G4659.94;SIERRA;PICHINCHA;PEQUEÑA;SOCIETARIO;11;413596,85;177293,75;515602,34;33030,48
7515;ANÓNIMA;G4690.00;SIERRA;PICHINCHA;MICROEMPRESA;SOCIETARIO;4;395391,63;96424,22;0;0
304553;ANÓNIMA;G4773.99;COSTA;GUAYAS;PEQUEÑA;SOCIETARIO;6;387089,28;20793,07;296278,62;10877,86
87897;ANÓNIMA;G4690.00;SIERRA;PICHINCHA;PEQUEÑA;SOCIETARIO;22;378712,42;123542,64;479437,74;12548,02
180953;ANÓNIMA;G4630.95;COSTA;GUAYAS;PEQUEÑA;SOCIETARIO;4;377430,82;36062,66;368752,22;5454,27
152123;ANÓNIMA;G4530.00;SIERRA;PICHINCHA;PEQUEÑA;SOCIETARIO;12;374776,8;39309,46;681421,94;10870,48
104235;ANÓNIMA;G4759.05;COSTA;GUAYAS;MICROEMPRESA;SOCIETARIO;4;363637,66;363313,74;19501,85;-8515,39
8097;ANÓNIMA;G4520.01;SIERRA;PICHINCHA;MICROEMPRESA;SOCIETARIO;5;354674,3;279182,77;66000;6068,59
84076;ANÓNIMA;G4610.09;COSTA;GUAYAS;MICROEMPRESA;SOCIETARIO;4;351500;2500;0;-18500
712779;ANÓNIMA;G4540.02;COSTA;GUAYAS;PEQUEÑA;SOCIETARIO;3;346227,53;12138,52;156797,66;11291,93
139279;RESPONSABILIDAD LIMITADA;G4659.99;SIERRA;PICHINCHA;PEQUEÑA;SOCIETARIO;17;329587,43;7636,81;521640,92;2097,5
161794;RESPONSABILIDAD LIMITADA;G4649.24;SIERRA;PICHINCHA;PEQUEÑA;SOCIETARIO;6;329331,72;29705,61;393665,24;2029,7
109621;ANÓNIMA;G4630.11;COSTA;GUAYAS;MEDIANA;SOCIETARIO;10;313651,82;87537;3409182,1;61690,08
150506;ANÓNIMA;G4659.22;SIERRA;PICHINCHA;MICROEMPRESA;SOCIETARIO;3;308439,72;252307,37;42014;261,02
122096;ANÓNIMA;G4741.11;COSTA;GUAYAS;MICROEMPRESA;SOCIETARIO;6;300000;255352,5;0;-44647,5
61134;ANÓNIMA;G4669.11;COSTA;GUAYAS;PEQUEÑA;SOCIETARIO;9;283005,09;73674,27;391687,05;31911,58
104109;ANÓNIMA;G4711.01;COSTA;GUAYAS;PEQUEÑA;SOCIETARIO;23;279703,31;106748,98;717734,71;2054,68
111708;ANÓNIMA;G4661.02;COSTA;GUAYAS;PEQUEÑA;SOCIETARIO;4;274492,19;16032,59;644385,06;15232,59
142900;ANÓNIMA;G4663.13;COSTA;GUAYAS;PEQUEÑA;SOCIETARIO;5;268158,38;35908,15;922767,89;18389,21
42326;ANÓNIMA;G4752.05;COSTA;GUAYAS;PEQUEÑA;SOCIETARIO;4;260103,03;179257,25;252776,13;-39196,95
118922;ANÓNIMA;G4651.01;COSTA;GUAYAS;PEQUEÑA;SOCIETARIO;21;256279,16;145770,74;322766,22;12420,24
176183;RESPONSABILIDAD LIMITADA;G4649.21;SIERRA;PICHINCHA;PEQUEÑA;SOCIETARIO;5;254489,24;47851,75;376158,85;-9260,35
93174;RESPONSABILIDAD LIMITADA;G4741.11;SIERRA;PICHINCHA;PEQUEÑA;SOCIETARIO;4;252155,48;132815,69;113152,3;-2147,99
125579;ANÓNIMA;G4649.97;COSTA;GUAYAS;MICROEMPRESA;SOCIETARIO;3;249732,23;30209,97;99810,25;670,46
138935;ANÓNIMA;G4659.99;SIERRA;PICHINCHA;PEQUEÑA;SOCIETARIO;4;248846,72;169227,87;593074,83;12741,25
43005;ANÓNIMA;G4630.99;COSTA;GUAYAS;MICROEMPRESA;SOCIETARIO;3;247559,02;244464,62;90000;5796,37
174714;ANÓNIMA;G4651.01;COSTA;GUAYAS;MICROEMPRESA;SOCIETARIO;2;239403,72;800;0;0
72614;ANÓNIMA;G4630.31;COSTA;GUAYAS;MICROEMPRESA;SOCIETARIO;4;238308,1;233009,18;0;0
37646;RESPONSABILIDAD LIMITADA;G4649.93;SIERRA;BOLIVAR;PEQUEÑA;SOCIETARIO;11;238304,61;137329,92;307937,17;24185,73
172323;RESPONSABILIDAD LIMITADA;G4690.00;SIERRA;PICHINCHA;PEQUEÑA;SOCIETARIO;4;234890,12;77330,43;367643,98;16894,86
68989;ANÓNIMA;G4659.95;COSTA;GUAYAS;PEQUEÑA;SOCIETARIO;7;231251,05;173514,51;396041,84;28850,35
12348;RESPONSABILIDAD LIMITADA;G4652.02;SIERRA;PICHINCHA;PEQUEÑA;SOCIETARIO;4;229828,9;168923,12;17034,32;-35014,82
64050;ANÓNIMA;G4653.01;COSTA;GUAYAS;PEQUEÑA;SOCIETARIO;5;229401,44;19968,17;178195,79;1968,49
134540;ANÓNIMA;G4649.11;COSTA;GUAYAS;MICROEMPRESA;SOCIETARIO;3;226153,7;48875,36;34938,48;11309,78
135697;ANÓNIMA;G4663.21;COSTA;GUAYAS;PEQUEÑA;SOCIETARIO;6;225320,94;73319,94;397619,3;20411,4
126381;ANÓNIMA;G4690.00;COSTA;GUAYAS;MICROEMPRESA;SOCIETARIO;4;219712,63;52,24;0;0
123858;ANÓNIMA;G4669.11;COSTA;GUAYAS;PEQUEÑA;SOCIETARIO;3;217939,92;23974,59;264154,16;16127,41
713945;ANÓNIMA;G4620.11;SIERRA;PICHINCHA;PEQUEÑA;SOCIETARIO;7;216901,09;4727,32;126237,51;-76152,26
117476;ANÓNIMA;G4610.01;COSTA;GUAYAS;MICROEMPRESA;SOCIETARIO;4;211956,6;-53250,81;33001,65;-4758,8
75832;ANÓNIMA;G4772.01;COSTA;GUAYAS;PEQUEÑA;SOCIETARIO;12;210231,49;112369,61;637863,9;18198,48
176470;ANÓNIMA;G4651.01;COSTA;GUAYAS;PEQUEÑA;SOCIETARIO;6;199243,45;73282,5;374397,44;21873,72
110204;ANÓNIMA;G4690.00;COSTA;GUAYAS;PEQUEÑA;SOCIETARIO;3;198656,67;48393,73;259362,5;24608,27
141094;ANÓNIMA;G4719.00;COSTA;GUAYAS;PEQUEÑA;SOCIETARIO;9;196224,5;156540,28;105457,02;663,05
177708;ANÓNIMA;G4651.02;SIERRA;PICHINCHA;MICROEMPRESA;SOCIETARIO;6;196115,89;-10132,26;0;-22511,53
75646;ANÓNIMA;G4649.99;COSTA;GUAYAS;MICROEMPRESA;SOCIETARIO;6;195564,88;195564,88;0;0
26649;RESPONSABILIDAD LIMITADA;G4719.00;COSTA;GUAYAS;MICROEMPRESA;SOCIETARIO;4;193935,8;3709;0;0
143136;ANÓNIMA;G4661.03;COSTA;GUAYAS;MICROEMPRESA;SOCIETARIO;4;190421,55;800;0;0
11318;ANÓNIMA;G4649.93;SIERRA;PICHINCHA;MICROEMPRESA;SOCIETARIO;3;186285,15;27005,39;25230;793,04
119206;ANÓNIMA;G4669.12;COSTA;GUAYAS;PEQUEÑA;SOCIETARIO;15;186253,84;143146,09;789661,25;14613,79
76866;ANÓNIMA;G4651.02;COSTA;GUAYAS;PEQUEÑA;SOCIETARIO;3;183762,57;69959,77;338461,19;1379,6
157196;RESPONSABILIDAD LIMITADA;G4741.11;SIERRA;PICHINCHA;PEQUEÑA;SOCIETARIO;10;181273,81;63492,91;375813,66;4437,67
132918;ANÓNIMA;G4510.01;COSTA;GUAYAS;MICROEMPRESA;SOCIETARIO;7;179895,72;179895,72;0;0
301577;ANÓNIMA;G4669.12;COSTA;GUAYAS;PEQUEÑA;SOCIETARIO;3;178803,84;33052,03;245002,58;3345,04
717738;ANÓNIMA;G4610.05;COSTA;GUAYAS;MICROEMPRESA;SOCIETARIO;3;177193,06;-97,96;36633,49;-897,96
119922;ANÓNIMA;G4799.02;COSTA;GUAYAS;MICROEMPRESA;SOCIETARIO;4;175153,92;12893,1;73648,45;3287,37
59235;ANÓNIMA;G4649.22;COSTA;GUAYAS;MICROEMPRESA;SOCIETARIO;12;174154,02;170311,64;63600;1077,04
129027;ANÓNIMA;G4649.22;COSTA;GUAYAS;PEQUEÑA;SOCIETARIO;6;173077,48;169648,82;60000;1441,09
20216;RESPONSABILIDAD LIMITADA;G4641.11;COSTA;GUAYAS;MICROEMPRESA;SOCIETARIO;2;163997,32;132061,32;0;-383,35
601;ANÓNIMA;G4663.13;SIERRA;PICHINCHA;MICROEMPRESA;SOCIETARIO;9;156670,08;57624,59;71674,86;2251,9
125145;ANÓNIMA;G4641.21;COSTA;GUAYAS;PEQUEÑA;SOCIETARIO;6;154950,25;77166,37;151579,7;6936,75
303960;ANÓNIMA;G4652.02;COSTA;MANABI;PEQUEÑA;SOCIETARIO;6;152513,25;21338,09;415101,19;11128,63
130564;ANÓNIMA;G4690.00;COSTA;GUAYAS;PEQUEÑA;SOCIETARIO;9;150520,88;89404,89;310084,12;-131,19
704264;ANÓNIMA;G4530.00;COSTA;GUAYAS;PEQUEÑA;SOCIETARIO;4;148253,56;125925,9;376701,63;2790,89
302216;ANÓNIMA;G4641.13;COSTA;GUAYAS;PEQUEÑA;SOCIETARIO;4;145823,54;124296,28;290696,39;47542,98
118921;ANÓNIMA;G4649.11;COSTA;GUAYAS;PEQUEÑA;SOCIETARIO;4;144202,96;71442,48;217083,35;12355,81
84809;ANÓNIMA;G4663.21;COSTA;GUAYAS;PEQUEÑA;SOCIETARIO;3;143876,39;9432,71;183856,87;8510,44
127658;ANÓNIMA;G4649.93;COSTA;GUAYAS;MICROEMPRESA;SOCIETARIO;6;142672,46;94706,17;15;7,69
706093;RESPONSABILIDAD LIMITADA;G4772.01;SIERRA;CAÑAR;PEQUEÑA;SOCIETARIO;6;139629,71;80155,24;339697,91;23346
76306;ANÓNIMA;G4651.01;COSTA;GUAYAS;PEQUEÑA;SOCIETARIO;4;138858,37;93981,55;904585,1;7163,28
182734;ANÓNIMA;G4651.01;COSTA;GUAYAS;MICROEMPRESA;SOCIETARIO;4;138377,61;-97037,19;0;-2345
166940;ANÓNIMA;G4649.24;COSTA;GUAYAS;MICROEMPRESA;SOCIETARIO;7;126290,62;15678,93;0;0
80086;ANÓNIMA;G4690.00;COSTA;GUAYAS;MICROEMPRESA;SOCIETARIO;4;126182,28;120139,91;91872;7659,26
131053;ANÓNIMA;G4649.11;COSTA;GUAYAS;MEDIANA;SOCIETARIO;12;125511,91;55675,91;691759,62;35563,52
166772;RESPONSABILIDAD LIMITADA;G4610.09;SIERRA;PICHINCHA;PEQUEÑA;SOCIETARIO;14;122188,76;50772,12;109999,25;2694,51
710458;ANÓNIMA;G4641.22;COSTA;GUAYAS;PEQUEÑA;SOCIETARIO;6;121807,93;18054,41;159767,15;707,82
133912;ANÓNIMA;G4659.94;COSTA;GUAYAS;PEQUEÑA;SOCIETARIO;4;121662,75;118537,39;156800;12316,25
113908;ANÓNIMA;G4669.11;COSTA;GUAYAS;MICROEMPRESA;SOCIETARIO;4;121224,54;13435,6;31391,18;0
153438;RESPONSABILIDAD LIMITADA;G4649.24;SIERRA;PICHINCHA;PEQUEÑA;SOCIETARIO;3;120453,43;78239,14;233600,38;11173,31
146783;ANÓNIMA;G4649.95;COSTA;GUAYAS;PEQUEÑA;SOCIETARIO;16;120451,21;23556,65;384371,09;-15304,03
171504;RESPONSABILIDAD LIMITADA;G4659.93;SIERRA;PICHINCHA;PEQUEÑA;SOCIETARIO;3;118918,58;23921,72;233287,48;5572,04
112303;ANÓNIMA;G4530.00;COSTA;GUAYAS;MICROEMPRESA;SOCIETARIO;5;118706,96;118305,79;17483,1;488,84
716636;ANÓNIMA;G4663.15;SIERRA;PICHINCHA;PEQUEÑA;SOCIETARIO;3;116636,88;53707,67;109834,83;12336,9
100224;ANÓNIMA;G4663.13;COSTA;GUAYAS;PEQUEÑA;SOCIETARIO;7;116451,4;24119,04;374745,57;8667,67
55376;ANÓNIMA;G4530.00;COSTA;GUAYAS;MICROEMPRESA;SOCIETARIO;4;113800;3800;0;0
138885;ANÓNIMA;G4641.21;SIERRA;SANTO DOMINGO;PEQUEÑA;SOCIETARIO;8;112161,66;-6372,93;138818,55;-7172,93
73644;ANÓNIMA;G4759.01;COSTA;GUAYAS;PEQUEÑA;SOCIETARIO;4;111280,33;34639,55;96728,26;-10444,91
150732;RESPONSABILIDAD LIMITADA;G4741.11;SIERRA;PICHINCHA;PEQUEÑA;SOCIETARIO;5;111235,48;13369,14;159477,23;12307,2
310840;ANÓNIMA;G4764.00;COSTA;GUAYAS;PEQUEÑA;SOCIETARIO;6;109219,08;-2413,52;139848,38;-3213,52
150055;RESPONSABILIDAD LIMITADA;G4649.14;SIERRA;PICHINCHA;PEQUEÑA;SOCIETARIO;6;108999,3;32701,83;1711,29;-30512,17
78310;ANÓNIMA;G4651.01;COSTA;GUAYAS;PEQUEÑA;SOCIETARIO;4;108303,64;49681,52;173746,33;1316,7
61754;ANÓNIMA;G4659.11;COSTA;GUAYAS;PEQUEÑA;SOCIETARIO;6;106597,34;33561,63;272383,54;12523,83
149322;ANÓNIMA;G4630.33;COSTA;MANABI;MICROEMPRESA;SOCIETARIO;3;106316,74;106316,74;0;0
123598;ANÓNIMA;G4663.11;COSTA;GUAYAS;PEQUEÑA;SOCIETARIO;6;105658,73;59948,51;194550;25485,71
112493;ANÓNIMA;G4741.11;COSTA;GUAYAS;MICROEMPRESA;SOCIETARIO;3;102499,93;3657,61;0;0
108435;RESPONSABILIDAD LIMITADA;G4771.21;COSTA;GUAYAS;PEQUEÑA;SOCIETARIO;8;99365,88;95810,88;4800;1475,94
23473;RESPONSABILIDAD LIMITADA;G4759.03;COSTA;GUAYAS;MICROEMPRESA;SOCIETARIO;3;96884,15;87795,66;0;-9088,49
35429;RESPONSABILIDAD LIMITADA;G4752.01;COSTA;MANABI;MICROEMPRESA;SOCIETARIO;4;96227,75;-903,13;0;0
175437;ANÓNIMA;G4630.11;COSTA;GUAYAS;MICROEMPRESA;SOCIETARIO;4;92589,43;1045,58;0;0
716981;RESPONSABILIDAD LIMITADA;G4649.93;COSTA;MANABI;MICROEMPRESA;SOCIETARIO;4;90756,79;15413,7;91893,57;-7824,32
97557;RESPONSABILIDAD LIMITADA;G4653.01;COSTA;EL ORO;MICROEMPRESA;SOCIETARIO;6;89621,92;22143,73;0;0
181623;ANÓNIMA;G4651.01;COSTA;GUAYAS;PEQUEÑA;SOCIETARIO;6;88083,36;86824,36;100575,43;450,65
300222;ANÓNIMA;G4659.99;COSTA;GUAYAS;MEDIANA;SOCIETARIO;3;85057,92;83595,39;1006451,86;74731,26
116675;ANÓNIMA;G4799.02;COSTA;GUAYAS;MICROEMPRESA;SOCIETARIO;2;83462,59;64972,14;0;760,76
141400;ANÓNIMA;G4669.12;COSTA;GUAYAS;MICROEMPRESA;SOCIETARIO;5;81060;800;0;0
64885;ANÓNIMA;G4690.00;COSTA;GUAYAS;PEQUEÑA;SOCIETARIO;4;79066,65;24157,74;351814,11;-4335,28
27147;RESPONSABILIDAD LIMITADA;G4610.04;COSTA;GUAYAS;MICROEMPRESA;SOCIETARIO;5;79012,43;48817,35;26887,3;-2090,29
133173;ANÓNIMA;G4641.21;COSTA;GUAYAS;MICROEMPRESA;SOCIETARIO;4;79010,93;6927,07;0;0
142278;ANÓNIMA;G4610.02;SIERRA;PICHINCHA;MICROEMPRESA;SOCIETARIO;4;76892,97;74343,9;94145,97;3636,1
39964;ANÓNIMA;G4530.00;COSTA;GUAYAS;PEQUEÑA;SOCIETARIO;3;76709,62;67918,84;280016,42;6337,97
129993;ANÓNIMA;G4659.93;COSTA;GUAYAS;PEQUEÑA;SOCIETARIO;4;75914,6;43535,59;267058,33;3238,86
96950;RESPONSABILIDAD LIMITADA;G4663.13;SIERRA;TUNGURAHUA;PEQUEÑA;SOCIETARIO;12;74370;12370;320271,67;1292,69
60350;RESPONSABILIDAD LIMITADA;G4610.03;SIERRA;PICHINCHA;PEQUEÑA;SOCIETARIO;7;73897,54;12746,35;140332,91;3451,12
177331;RESPONSABILIDAD LIMITADA;G4651.01;SIERRA;PICHINCHA;PEQUEÑA;SOCIETARIO;5;73520,6;39031,64;141633,5;2473,36
29361;RESPONSABILIDAD LIMITADA;G4659.94;COSTA;GUAYAS;PEQUEÑA;SOCIETARIO;4;70655,49;59328,89;183277,51;5600,7
700031;ANÓNIMA;G4659.93;COSTA;GUAYAS;PEQUEÑA;SOCIETARIO;7;69170,77;21890,09;317163,51;7693,02
32259;RESPONSABILIDAD LIMITADA;G4649.11;SIERRA;AZUAY;MICROEMPRESA;SOCIETARIO;3;68382,82;40759,21;67200;21303,1
183078;ANÓNIMA;G4649.93;COSTA;GUAYAS;PEQUEÑA;SOCIETARIO;6;68324,72;55784,52;219557,4;0
311268;ANÓNIMA;G4711.01;COSTA;GUAYAS;MICROEMPRESA;SOCIETARIO;4;67581,46;1920,68;6835;1120,68
124787;ANÓNIMA;G4649.11;COSTA;GUAYAS;MICROEMPRESA;SOCIETARIO;4;67045,45;3664;0;0
28583;RESPONSABILIDAD LIMITADA;G4659.95;COSTA;GUAYAS;PEQUEÑA;SOCIETARIO;4;66927,25;55686,42;152137,84;7332,74
143425;ANÓNIMA;G4773.12;COSTA;GUAYAS;MICROEMPRESA;SOCIETARIO;4;66200;-6711,36;0;0
160404;RESPONSABILIDAD LIMITADA;G4752.01;SIERRA;PICHINCHA;PEQUEÑA;SOCIETARIO;1;65864,37;15991,03;199033,78;3230,48
144559;ANÓNIMA;G4649.22;COSTA;GUAYAS;MICROEMPRESA;SOCIETARIO;3;65853,44;63102,73;17600;1105,38
116690;ANÓNIMA;G4690.00;COSTA;GUAYAS;PEQUEÑA;SOCIETARIO;4;62785,05;31004,94;403421,02;709,57
27992;ANÓNIMA;G4649.22;COSTA;GUAYAS;PEQUEÑA;SOCIETARIO;5;62358,19;53476,27;91616,36;5101,17
38763;ANÓNIMA;G4510.01;COSTA;EL ORO;MICROEMPRESA;SOCIETARIO;4;61065,16;25669,14;0;0
136584;ANÓNIMA;G4649.22;COSTA;GUAYAS;MICROEMPRESA;SOCIETARIO;4;60760,38;60600,63;0;-2905,04
177900;ANÓNIMA;G4641.21;COSTA;GUAYAS;MICROEMPRESA;SOCIETARIO;5;60302,98;4803,82;91827,74;2548,55
51781;RESPONSABILIDAD LIMITADA;G4752.01;SIERRA;PICHINCHA;MICROEMPRESA;SOCIETARIO;3;59844,59;54909,02;45504;1257,52
83982;ANÓNIMA;G4761.03;COSTA;GUAYAS;MICROEMPRESA;SOCIETARIO;7;59201,71;7610,79;0;0
146075;ANÓNIMA;G4649.24;SIERRA;PICHINCHA;PEQUEÑA;SOCIETARIO;4;58659,58;42123,73;526517,85;12123,73
24107;RESPONSABILIDAD LIMITADA;G4752.04;COSTA;GUAYAS;MICROEMPRESA;SOCIETARIO;6;55960,45;34279,39;71718,97;-585,49
711561;ANÓNIMA;G4652.02;COSTA;GUAYAS;PEQUEÑA;SOCIETARIO;6;52424,77;18913,29;362189,71;5792,17
169035;ANÓNIMA;G4653.01;COSTA;GUAYAS;MICROEMPRESA;SOCIETARIO;2;52300;2884,07;16800;143,47
704852;ANÓNIMA;G4652.02;SIERRA;PICHINCHA;MICROEMPRESA;SOCIETARIO;4;50251,46;49083,09;16969,99;10890,38
128868;ANÓNIMA;G4651.01;COSTA;GUAYAS;MICROEMPRESA;SOCIETARIO;4;49758,52;22603,15;28406,99;952,75
149007;RESPONSABILIDAD LIMITADA;G4752.04;SIERRA;PICHINCHA;PEQUEÑA;SOCIETARIO;10;48799,81;11710,08;130939,29;10954,28
302519;ANÓNIMA;G4659.94;COSTA;GUAYAS;PEQUEÑA;SOCIETARIO;12;48266,37;8832,6;114507,31;5560,47
710432;ANÓNIMA;G4610.01;COSTA;GUAYAS;PEQUEÑA;SOCIETARIO;4;48157,06;10273,1;125101,53;5182,23
712497;RESPONSABILIDAD LIMITADA;G4711.01;SIERRA;PICHINCHA;PEQUEÑA;SOCIETARIO;4;47765,94;17158,36;175384,92;0
148757;ANÓNIMA;G4620.14;COSTA;GUAYAS;PEQUEÑA;SOCIETARIO;6;47367,69;40438,57;147730,42;5163,18
116910;ANÓNIMA;G4663.12;COSTA;GUAYAS;MICROEMPRESA;SOCIETARIO;4;47000,88;40976,11;44894,65;4679,81
28056;RESPONSABILIDAD LIMITADA;G4669.11;COSTA;GUAYAS;PEQUEÑA;SOCIETARIO;9;45577,75;6442,82;147542,73;3420,87
89284;RESPONSABILIDAD LIMITADA;G4649.96;SIERRA;PICHINCHA;PEQUEÑA;SOCIETARIO;5;44589,6;21000,74;199916,93;1643,38
154417;ANÓNIMA;G4653.01;SIERRA;PICHINCHA;MICROEMPRESA;SOCIETARIO;4;42619,66;8158,27;0;0
706034;ANÓNIMA;G4653.01;COSTA;GUAYAS;MICROEMPRESA;SOCIETARIO;4;41350,29;2075,58;570;75,58
164186;ANÓNIMA;G4641.11;SIERRA;PICHINCHA;MICROEMPRESA;SOCIETARIO;4;40757,27;27280,71;34448,33;-103,76
127048;ANÓNIMA;G4520.03;COSTA;GUAYAS;PEQUEÑA;SOCIETARIO;7;39287,7;38138,28;91784,31;298,33
705121;ANÓNIMA;G4649.12;COSTA;GUAYAS;MICROEMPRESA;SOCIETARIO;4;38924,44;20200,9;75779,29;888,91
142577;RESPONSABILIDAD LIMITADA;G4651.02;SIERRA;PICHINCHA;MICROEMPRESA;SOCIETARIO;3;37593,24;20966,56;80212,3;1455,85
153572;RESPONSABILIDAD LIMITADA;G4669.11;SIERRA;PICHINCHA;MICROEMPRESA;SOCIETARIO;3;37314,57;16415,54;80421,3;1137,23
100562;RESPONSABILIDAD LIMITADA;G4659.94;COSTA;GUAYAS;PEQUEÑA;SOCIETARIO;4;35870,38;35712,63;149900,19;8806,63
156700;ANÓNIMA;G4690.00;SIERRA;PICHINCHA;MICROEMPRESA;SOCIETARIO;4;35510,48;10195,62;15114,12;509,29
709804;ANÓNIMA;G4773.12;COSTA;GUAYAS;MICROEMPRESA;SOCIETARIO;7;34888,21;14941,36;93364,34;3926,79
311821;RESPONSABILIDAD LIMITADA;G4741.13;SIERRA;PICHINCHA;MICROEMPRESA;SOCIETARIO;4;34732,22;400;0;0
175746;ANÓNIMA;G4659.99;COSTA;GUAYAS;PEQUEÑA;SOCIETARIO;3;34469,71;12733,38;355725,23;3272,23
303727;ANÓNIMA;G4651.01;COSTA;GUAYAS;PEQUEÑA;SOCIETARIO;6;34053,22;1587,75;146396,86;787,75
145949;ANÓNIMA;G4652.02;SIERRA;PICHINCHA;PEQUEÑA;SOCIETARIO;17;32969,68;19202,52;354713,3;699,33
711371;RESPONSABILIDAD LIMITADA;G4690.00;SIERRA;PICHINCHA;PEQUEÑA;SOCIETARIO;18;32793,92;2051,21;83526,7;1251,21
715074;ANÓNIMA;G4711.01;COSTA;GUAYAS;PEQUEÑA;SOCIETARIO;4;32648,48;8866,73;129389,81;7866,73
173136;ANÓNIMA;G4630.11;COSTA;LOS RIOS;PEQUEÑA;SOCIETARIO;22;32422,23;26267,28;281737,72;6543,67
182768;ANÓNIMA;G4759.05;COSTA;GUAYAS;MICROEMPRESA;SOCIETARIO;6;32407,2;6080,68;21014,87;-11613,14
133172;ANÓNIMA;G4630.21;COSTA;GUAYAS;MICROEMPRESA;SOCIETARIO;6;32225,74;2599,98;34480,31;733,16
718914;ANÓNIMA;G4669.12;COSTA;GUAYAS;MICROEMPRESA;SOCIETARIO;5;32041,72;10000;0;0
717657;RESPONSABILIDAD LIMITADA;G4741.11;SIERRA;PICHINCHA;MICROEMPRESA;SOCIETARIO;4;31105,02;461,33;12270,54;61,33
109676;ANÓNIMA;G4752.04;COSTA;GUAYAS;MICROEMPRESA;SOCIETARIO;4;30952,72;21128,34;57173,74;1126,72
700388;ANÓNIMA;G4649.24;COSTA;GUAYAS;MICROEMPRESA;SOCIETARIO;6;30746,99;7312,17;32150,46;1347,17
164952;ANÓNIMA;G4663.13;COSTA;GUAYAS;MICROEMPRESA;SOCIETARIO;6;29306,12;5604,87;77609,77;1594,24
51911;RESPONSABILIDAD LIMITADA;G4659.95;SIERRA;COTOPAXI;MICROEMPRESA;SOCIETARIO;8;29283,96;28624,02;57492,9;830,27
716903;RESPONSABILIDAD LIMITADA;G4641.12;SIERRA;AZUAY;MICROEMPRESA;SOCIETARIO;3;28956,57;10751,47;7232;713,9
177999;RESPONSABILIDAD LIMITADA;G4659.95;COSTA;EL ORO;PEQUEÑA;SOCIETARIO;7;27854,63;9848,66;67258,97;-42,39
96846;RESPONSABILIDAD LIMITADA;G4771.21;SIERRA;TUNGURAHUA;MICROEMPRESA;SOCIETARIO;11;27692,05;7875,51;87286,1;-559,17
303304;ANÓNIMA;G4520.01;COSTA;GUAYAS;MICROEMPRESA;SOCIETARIO;6;27074,76;13221,29;0;202,5
716097;ANÓNIMA;G4530.00;COSTA;GUAYAS;PEQUEÑA;SOCIETARIO;4;26677,38;2344,85;192080;1544,85
173842;ANÓNIMA;G4669.11;COSTA;GUAYAS;PEQUEÑA;SOCIETARIO;5;26615,67;17635,07;54883;6156,09
171930;RESPONSABILIDAD LIMITADA;G4610.09;SIERRA;PICHINCHA;MICROEMPRESA;SOCIETARIO;7;26340,4;20867,11;0;0
133921;ANÓNIMA;G4719.00;COSTA;GUAYAS;MICROEMPRESA;SOCIETARIO;4;26041,92;4682,77;10458,1;1368,8
61857;ANÓNIMA;G4711.02;COSTA;GUAYAS;MICROEMPRESA;SOCIETARIO;4;26000;26000;0;0
153726;RESPONSABILIDAD LIMITADA;G4741.11;SIERRA;PICHINCHA;MICROEMPRESA;SOCIETARIO;4;25926,95;17069,66;69052,28;3310,43
144553;ANÓNIMA;G4772.01;COSTA;GUAYAS;MICROEMPRESA;SOCIETARIO;6;25398,08;22330,43;60000;1290
107651;ANÓNIMA;G4651.01;COSTA;GUAYAS;MICROEMPRESA;SOCIETARIO;4;25241,4;22665,01;43718,56;1417
714275;ANÓNIMA;G4520.01;COSTA;GUAYAS;MICROEMPRESA;SOCIETARIO;6;24997,34;799,73;359,64;29,73
101496;ANÓNIMA;G4651.01;COSTA;GUAYAS;MICROEMPRESA;SOCIETARIO;4;24718,85;24718,85;47;0
137434;RESPONSABILIDAD LIMITADA;G4659.99;ORIENTE;SUCUMBIOS;PEQUEÑA;SOCIETARIO;8;24321,68;20356,44;491520,5;4622,96
36229;ANÓNIMA;G4690.00;ORIENTE;PASTAZA;MICROEMPRESA;SOCIETARIO;4;23883,52;11749,59;0;123,47
182301;ANÓNIMA;G4641.21;COSTA;GUAYAS;MICROEMPRESA;SOCIETARIO;8;23419,77;22854,36;66077,52;750,28
41601;ANÓNIMA;G4651.02;COSTA;GUAYAS;PEQUEÑA;SOCIETARIO;8;23317,02;12773,84;151500;0
122647;ANÓNIMA;G4759.04;COSTA;GUAYAS;MICROEMPRESA;SOCIETARIO;4;22134,82;16461,19;0;0
166407;ANÓNIMA;G4649.24;COSTA;GUAYAS;MICROEMPRESA;SOCIETARIO;4;22032,91;12661,75;0;0
116042;ANÓNIMA;G4630.21;COSTA;GUAYAS;MICROEMPRESA;SOCIETARIO;4;21668,58;2573,37;0;0
173375;RESPONSABILIDAD LIMITADA;G4630.93;SIERRA;PICHINCHA;MICROEMPRESA;SOCIETARIO;4;21613,93;18858,21;23575,35;37,88
708901;ANÓNIMA;G4730.01;SIERRA;PICHINCHA;MICROEMPRESA;SOCIETARIO;4;21163,7;800;0;0
139061;RESPONSABILIDAD LIMITADA;G4741.13;SIERRA;PICHINCHA;MICROEMPRESA;SOCIETARIO;6;21131,7;9718,22;53095,56;1471,82
121072;ANÓNIMA;G4630.93;COSTA;GUAYAS;PEQUEÑA;SOCIETARIO;4;20913,81;9022,6;0;0
700369;RESPONSABILIDAD LIMITADA;G4690.00;SIERRA;BOLIVAR;MICROEMPRESA;SOCIETARIO;5;20814,04;-2185,96;32263;1694,16
112913;ANÓNIMA;G4761.03;COSTA;GUAYAS;MICROEMPRESA;SOCIETARIO;4;20661,76;20661,76;0;0
176498;RESPONSABILIDAD LIMITADA;G4661.03;SIERRA;CAÑAR;PEQUEÑA;SOCIETARIO;12;20000;20000;0;0
97835;ANÓNIMA;G4641.21;COSTA;GUAYAS;MICROEMPRESA;SOCIETARIO;7;19996,64;15925,13;3754,1;19,92
142901;ANÓNIMA;G4620.12;COSTA;GUAYAS;MICROEMPRESA;SOCIETARIO;4;19879,33;5929,03;22425;5221,83
177878;RESPONSABILIDAD LIMITADA;G4652.02;SIERRA;PICHINCHA;PEQUEÑA;SOCIETARIO;6;19686,28;3921,28;122757,49;909,43
303406;RESPONSABILIDAD LIMITADA;G4610.07;SIERRA;PICHINCHA;MICROEMPRESA;SOCIETARIO;3;18942,92;15656,5;21069,76;-3356,26
127512;RESPONSABILIDAD LIMITADA;G4772.01;COSTA;GUAYAS;MICROEMPRESA;SOCIETARIO;4;17939,1;17939,1;0;0
303298;RESPONSABILIDAD LIMITADA;G4719.00;SIERRA;PICHINCHA;PEQUEÑA;SOCIETARIO;3;16791,92;9382,41;131196,72;3104,63
168228;ANÓNIMA;G4651.02;SIERRA;PICHINCHA;MICROEMPRESA;SOCIETARIO;3;16646,34;7477,16;34286,36;5659,04
93399;ANÓNIMA;G4659.11;SIERRA;PICHINCHA;PEQUEÑA;SOCIETARIO;4;16638,99;14704,37;74723,57;-5619,81
306961;ANÓNIMA;G4791.00;COSTA;GUAYAS;PEQUEÑA;SOCIETARIO;6;16367,01;10618,65;100749,55;8221,5
113903;ANÓNIMA;G4772.05;COSTA;GUAYAS;MICROEMPRESA;SOCIETARIO;4;16157,45;685,01;0;0
308328;ANÓNIMA;G4649.24;SIERRA;PICHINCHA;MICROEMPRESA;SOCIETARIO;4;16087,5;-1761,56;14110,45;-2761,56
177983;ANÓNIMA;G4630.91;COSTA;GUAYAS;MICROEMPRESA;SOCIETARIO;4;15892,31;14095,75;12000;2546,69
148782;RESPONSABILIDAD LIMITADA;G4669.11;COSTA;GUAYAS;MICROEMPRESA;SOCIETARIO;4;15583,38;2089,87;0;0
717449;ANÓNIMA;G4741.13;COSTA;GUAYAS;MICROEMPRESA;SOCIETARIO;6;15395,53;1179,97;22830;379,97
715102;RESPONSABILIDAD LIMITADA;G4610.09;SIERRA;PICHINCHA;MICROEMPRESA;SOCIETARIO;3;14883,81;14775,81;33187,42;-224,19
156446;RESPONSABILIDAD LIMITADA;G4659.93;SIERRA;PICHINCHA;MICROEMPRESA;SOCIETARIO;4;14593,52;1345,99;60932,54;545,99
176367;ANÓNIMA;G4711.01;SIERRA;AZUAY;PEQUEÑA;SOCIETARIO;14;14403,1;3088,65;133846,72;-4015,56
306541;ANÓNIMA;G4649.24;COSTA;GUAYAS;MICROEMPRESA;SOCIETARIO;4;14193,85;10212,32;3380;3380
43401;ANÓNIMA;G4520.01;COSTA;GUAYAS;MICROEMPRESA;SOCIETARIO;4;13392,57;8409,41;0;0
126317;ANÓNIMA;G4711.01;COSTA;GUAYAS;MICROEMPRESA;SOCIETARIO;3;13100;1923,32;3304,39;443,44
719748;ANÓNIMA;G4620.19;COSTA;GUAYAS;MICROEMPRESA;SOCIETARIO;4;13083,26;1330,46;44273,82;530,46
127938;ANÓNIMA;G4741.11;COSTA;GUAYAS;MICROEMPRESA;SOCIETARIO;3;13073,63;4320,53;3452;811,94
69741;ANÓNIMA;G4663.13;COSTA;GUAYAS;PEQUEÑA;SOCIETARIO;4;12962,51;6971,72;130625,78;565,47
145215;ANÓNIMA;G4630.33;COSTA;GUAYAS;PEQUEÑA;SOCIETARIO;4;12688,35;6416,66;613138,15;-188290,29
160425;ANÓNIMA;G4661.03;COSTA;GUAYAS;MICROEMPRESA;SOCIETARIO;6;12476,84;6708,42;0;0
719644;ANÓNIMA;G4752.04;COSTA;GUAYAS;MICROEMPRESA;SOCIETARIO;4;12088,1;2429,1;4740,26;0
177859;ANÓNIMA;G4530.00;COSTA;SANTA ELENA;MICROEMPRESA;SOCIETARIO;4;12081,15;9582,06;44736,94;-1774,85
143318;ANÓNIMA;G4649.24;COSTA;GUAYAS;MICROEMPRESA;SOCIETARIO;6;12032,59;11998,96;0;0
76980;ANÓNIMA;G4663.21;COSTA;GUAYAS;MICROEMPRESA;SOCIETARIO;5;11136,74;11136,4;96;94,46
706865;ANÓNIMA;G4752.02;COSTA;GUAYAS;MICROEMPRESA;SOCIETARIO;7;10731,26;4702,48;89978,41;2386,37
702831;ANÓNIMA;G4630.32;COSTA;GUAYAS;MICROEMPRESA;SOCIETARIO;6;10523,61;10523,61;0;0
307525;RESPONSABILIDAD LIMITADA;G4721.06;SIERRA;PICHINCHA;MICROEMPRESA;SOCIETARIO;7;10439,83;4651,91;0;-1348,09
715646;ANÓNIMA;G4722.02;COSTA;GUAYAS;MICROEMPRESA;SOCIETARIO;4;10175,14;-8856,64;9631,16;-9656,64
175194;ANÓNIMA;G4663.21;COSTA;GUAYAS;MICROEMPRESA;SOCIETARIO;0;10044,67;4147,04;36389,36;3347,04
704893;ANÓNIMA;G4661.03;COSTA;GUAYAS;MICROEMPRESA;SOCIETARIO;4;10000;10000;0;0
720954;RESPONSABILIDAD LIMITADA;G4791.00;SIERRA;TUNGURAHUA;MICROEMPRESA;SOCIETARIO;6;10000;10000;0;0
129704;ANÓNIMA;G4711.01;COSTA;GUAYAS;MICROEMPRESA;SOCIETARIO;4;9863,73;9863,73;0;0
144579;ANÓNIMA;G4651.01;COSTA;GUAYAS;MICROEMPRESA;SOCIETARIO;3;9327,15;9251,35;0;0
110208;ANÓNIMA;G4530.00;COSTA;GUAYAS;MICROEMPRESA;SOCIETARIO;4;9015,35;6716,82;93347,78;3934,52
713762;ANÓNIMA;G4711.02;COSTA;GUAYAS;MICROEMPRESA;SOCIETARIO;8;9000;9000;0;0
721037;ANÓNIMA;G4711.02;COSTA;GUAYAS;MICROEMPRESA;SOCIETARIO;4;9000;9000;0;0
721117;ANÓNIMA;G4610.07;COSTA;GUAYAS;MICROEMPRESA;SOCIETARIO;8;9000;9000;0;0
111529;ANÓNIMA;G4659.23;COSTA;GUAYAS;MICROEMPRESA;SOCIETARIO;14;8911,74;4431,94;18000;2017,4
20713;RESPONSABILIDAD LIMITADA;G4651.02;COSTA;GUAYAS;MICROEMPRESA;SOCIETARIO;6;8746,31;8746,31;0;0
25750;RESPONSABILIDAD LIMITADA;G4653.01;COSTA;EL ORO;MICROEMPRESA;SOCIETARIO;3;8740,89;1280,28;14238,66;232,66
115961;ANÓNIMA;G4610.06;COSTA;GUAYAS;MICROEMPRESA;SOCIETARIO;4;8586,65;1000;49909,82;-5813,5
97695;ANÓNIMA;G4761.03;COSTA;GUAYAS;MICROEMPRESA;SOCIETARIO;10;8242,71;7997,61;9221,28;117,35
130501;ANÓNIMA;G4719.00;COSTA;GUAYAS;MICROEMPRESA;SOCIETARIO;6;8000;8000;0;0
103115;ANÓNIMA;G4651.02;COSTA;GUAYAS;MICROEMPRESA;SOCIETARIO;6;7977,36;-36938,5;20990;-9205,02
719332;ANÓNIMA;G4630.22;COSTA;GUAYAS;MICROEMPRESA;SOCIETARIO;6;7931,86;3201,68;49923,5;1201,68
176256;ANÓNIMA;G4649.22;COSTA;GUAYAS;MICROEMPRESA;SOCIETARIO;3;7515;1914,62;14356,42;383,15
111830;ANÓNIMA;G4659.93;COSTA;GUAYAS;MICROEMPRESA;SOCIETARIO;4;7356,84;7356,84;0;0
106473;ANÓNIMA;G4652.02;COSTA;GUAYAS;PEQUEÑA;SOCIETARIO;4;7279,37;800;0;0
23076;RESPONSABILIDAD LIMITADA;G4641.11;COSTA;GUAYAS;MICROEMPRESA;SOCIETARIO;6;6891,83;6746,99;0;3,23
138179;ANÓNIMA;G4649.24;COSTA;GUAYAS;MICROEMPRESA;SOCIETARIO;4;6300;800;0;0
123890;ANÓNIMA;G4649.21;COSTA;GUAYAS;MICROEMPRESA;SOCIETARIO;3;5940,57;5940,57;0;0
124377;ANÓNIMA;G4663.21;COSTA;GUAYAS;MICROEMPRESA;SOCIETARIO;4;5925;5925;17609,59;199,59
76056;ANÓNIMA;G4630.12;COSTA;GUAYAS;PEQUEÑA;SOCIETARIO;8;5882,28;5882,28;5000;8,27
182524;ANÓNIMA;G4630.33;COSTA;GUAYAS;MICROEMPRESA;SOCIETARIO;4;5786,58;3137,8;0;-522,63
715540;ANÓNIMA;G4690.00;COSTA;GUAYAS;MICROEMPRESA;SOCIETARIO;5;5560,07;5000;0;0
307039;RESPONSABILIDAD LIMITADA;G4651.01;SIERRA;PICHINCHA;MICROEMPRESA;SOCIETARIO;4;5434,38;3915,86;16026,65;1909,99
163173;RESPONSABILIDAD LIMITADA;G4763.00;SIERRA;PICHINCHA;MICROEMPRESA;SOCIETARIO;4;5329,43;-7909,18;87135,28;-9908,55
63612;ANÓNIMA;G4791.00;COSTA;GUAYAS;MICROEMPRESA;SOCIETARIO;4;5000;5000;0;0
138067;ANÓNIMA;G4663.21;COSTA;GUAYAS;MICROEMPRESA;SOCIETARIO;4;5000;2050;1000;150
715187;ANÓNIMA;G4669.12;COSTA;GUAYAS;MICROEMPRESA;SOCIETARIO;4;5000;5000;0;0
719514;ANÓNIMA;G4630.95;COSTA;GUAYAS;MICROEMPRESA;SOCIETARIO;6;5000;5000;0;0
142687;ANÓNIMA;G4630.12;COSTA;GUAYAS;MICROEMPRESA;SOCIETARIO;6;4879,27;910,35;52053,87;63,75
83231;ANÓNIMA;G4663.21;COSTA;GUAYAS;MICROEMPRESA;SOCIETARIO;4;4607,6;4607,6;0;0
178147;ANÓNIMA;G4653.01;COSTA;GUAYAS;MICROEMPRESA;SOCIETARIO;6;4491,53;4491,53;0;0
86143;ANÓNIMA;G4669.12;SIERRA;PICHINCHA;MICROEMPRESA;SOCIETARIO;4;4462,06;4462,06;0;0
124860;ANÓNIMA;G4759.05;COSTA;GUAYAS;MICROEMPRESA;SOCIETARIO;4;4459,6;1016,33;0;0
111022;ANÓNIMA;G4711.01;COSTA;GUAYAS;MICROEMPRESA;SOCIETARIO;4;4428,19;3495,64;17800;708,46
136628;ANÓNIMA;G4659.94;COSTA;GUAYAS;MICROEMPRESA;SOCIETARIO;5;4415,8;2903,62;32014;326,58
142060;ANÓNIMA;G4649.13;COSTA;GUAYAS;MICROEMPRESA;SOCIETARIO;5;4406,81;4406,81;0;0
82897;ANÓNIMA;G4690.00;COSTA;GUAYAS;MICROEMPRESA;SOCIETARIO;4;4098,59;3341,89;21332,91;2112,92
180415;RESPONSABILIDAD LIMITADA;G4630.91;SIERRA;PICHINCHA;MICROEMPRESA;SOCIETARIO;4;4067,97;4067,97;33;-55,42
36499;ANÓNIMA;G4653.01;SIERRA;TUNGURAHUA;MICROEMPRESA;SOCIETARIO;4;4000;4000;0;0
34076;ANÓNIMA;G4721.04;COSTA;MANABI;MICROEMPRESA;SOCIETARIO;6;3800;3800;0;0
155665;ANÓNIMA;G4651.01;SIERRA;PICHINCHA;MICROEMPRESA;SOCIETARIO;4;3794,95;3794,95;220;12
720122;ANÓNIMA;G4649.21;SIERRA;PICHINCHA;MICROEMPRESA;SOCIETARIO;3;3236,05;-283,15;0;0
75552;ANÓNIMA;G4649.99;COSTA;GUAYAS;MICROEMPRESA;SOCIETARIO;4;3206,22;3206,22;0;0
138608;RESPONSABILIDAD LIMITADA;G4730.01;SIERRA;AZUAY;MICROEMPRESA;SOCIETARIO;3;3000;3000;0;0
720323;ANÓNIMA;G4653.01;COSTA;GUAYAS;MICROEMPRESA;SOCIETARIO;3;3000;3000;0;0
701145;ANÓNIMA;G4530.00;SIERRA;PICHINCHA;MICROEMPRESA;SOCIETARIO;4;2967,64;2967,64;0;0
76715;ANÓNIMA;G4641.21;COSTA;GUAYAS;MICROEMPRESA;SOCIETARIO;6;2966,24;800;0;0
73116;ANÓNIMA;G4761.01;COSTA;GUAYAS;MICROEMPRESA;SOCIETARIO;4;2631,71;2631,71;0;0
310926;ANÓNIMA;G4641.21;COSTA;GUAYAS;MICROEMPRESA;SOCIETARIO;4;2500;2500;0;0
141506;ANÓNIMA;G4741.13;COSTA;GUAYAS;PEQUEÑA;SOCIETARIO;12;2446,27;2446,27;0;0
158796;RESPONSABILIDAD LIMITADA;G4651.02;SIERRA;PICHINCHA;MICROEMPRESA;SOCIETARIO;4;2444,02;490,09;0;0
101284;ANÓNIMA;G4799.02;COSTA;GUAYAS;MICROEMPRESA;SOCIETARIO;4;2406,63;2406,63;0;0
308629;ANÓNIMA;G4530.00;COSTA;GUAYAS;MICROEMPRESA;SOCIETARIO;1;2404,37;884,84;5868,64;84,84
704991;ANÓNIMA;G4791.00;COSTA;GUAYAS;MICROEMPRESA;SOCIETARIO;4;2394,16;1251,43;0;0
173121;ANÓNIMA;G4610.09;SIERRA;PICHINCHA;MICROEMPRESA;SOCIETARIO;4;2377,62;1793,37;120;10
311353;RESPONSABILIDAD LIMITADA;G4610.09;SIERRA;PICHINCHA;MICROEMPRESA;SOCIETARIO;6;2305,88;-1077,42;0;-1877,42
69511;ANÓNIMA;G4510.01;COSTA;GUAYAS;MICROEMPRESA;SOCIETARIO;7;2126;2126;0;0
134994;ANÓNIMA;G4659.99;COSTA;GUAYAS;MICROEMPRESA;SOCIETARIO;4;2037,93;1612,4;5600;15,05
97416;ANÓNIMA;G4651.01;COSTA;EL ORO;MICROEMPRESA;SOCIETARIO;2;2026,26;800;0;0
704240;ANÓNIMA;G4649.22;SIERRA;PICHINCHA;MICROEMPRESA;SOCIETARIO;4;2000;2000;7663,61;0
163634;ANÓNIMA;G4669.11;SIERRA;PICHINCHA;MICROEMPRESA;SOCIETARIO;4;1961,28;1961,28;0;0
170753;ANÓNIMA;G4741.11;COSTA;GUAYAS;MICROEMPRESA;SOCIETARIO;5;1935,49;1935,49;800;360,36
147544;ANÓNIMA;G4652.02;COSTA;GUAYAS;MICROEMPRESA;SOCIETARIO;3;1921,68;-15098,33;60;22,5
172913;ANÓNIMA;G4630.32;COSTA;GUAYAS;MICROEMPRESA;SOCIETARIO;4;1803,11;800;745,75;0
116349;ANÓNIMA;G4652.02;COSTA;GUAYAS;MICROEMPRESA;SOCIETARIO;4;1772,49;1772,49;17790;-940,36
713966;ANÓNIMA;G4630.33;COSTA;MANABI;MICROEMPRESA;SOCIETARIO;3;1734,29;1734,29;0;-15
168552;RESPONSABILIDAD LIMITADA;G4649.24;SIERRA;PICHINCHA;MICROEMPRESA;SOCIETARIO;5;1728,85;805,6;1625;282,04
708341;ANÓNIMA;G4651.01;COSTA;GUAYAS;MICROEMPRESA;SOCIETARIO;4;1700;1700;8400;900
308156;ANÓNIMA;G4630.33;COSTA;GUAYAS;MICROEMPRESA;SOCIETARIO;3;1600;1600;0;0
311856;RESPONSABILIDAD LIMITADA;G4659.22;COSTA;GUAYAS;MICROEMPRESA;SOCIETARIO;1;1550;1000;0;0
177035;ANÓNIMA;G4663.13;COSTA;GUAYAS;MICROEMPRESA;SOCIETARIO;4;1500;800;500;0
179259;ANÓNIMA;G4649.96;COSTA;GUAYAS;MICROEMPRESA;SOCIETARIO;4;1396,3;500;0;0
704688;ANÓNIMA;G4741.13;GALAPAGOS;GALAPAGOS;MICROEMPRESA;SOCIETARIO;7;1306,31;1306,31;0;0
122543;ANÓNIMA;G4649.23;COSTA;GUAYAS;MICROEMPRESA;SOCIETARIO;6;1302,23;0;0;0
182848;ANÓNIMA;G4630.12;COSTA;GUAYAS;MICROEMPRESA;SOCIETARIO;14;1258;1258;10;0
301543;ANÓNIMA;G4711.01;COSTA;GUAYAS;MICROEMPRESA;SOCIETARIO;4;1228,72;777,22;930;-1,32
700663;ANÓNIMA;G4690.00;COSTA;GUAYAS;MICROEMPRESA;SOCIETARIO;4;1215,59;1215,59;0;0
45118;ANÓNIMA;G4510.01;SIERRA;PICHINCHA;MICROEMPRESA;SOCIETARIO;4;1211,87;911,87;0;0
164190;ANÓNIMA;G4663.21;SIERRA;PICHINCHA;MICROEMPRESA;SOCIETARIO;2;1199,72;800;0;0
77988;ANÓNIMA;G4630.91;COSTA;GUAYAS;MICROEMPRESA;SOCIETARIO;4;1165,57;1165,57;0;0
29840;ANÓNIMA;G4663.13;COSTA;GUAYAS;MICROEMPRESA;SOCIETARIO;4;1140;1140;0;0
75452;ANÓNIMA;G4649.99;COSTA;GUAYAS;MICROEMPRESA;SOCIETARIO;3;1100;1100;0;0
143540;ANÓNIMA;G4659.95;COSTA;SANTA ELENA;MICROEMPRESA;SOCIETARIO;4;1099,72;1099,72;0;0
309057;ANÓNIMA;G4669.30;COSTA;GUAYAS;MICROEMPRESA;SOCIETARIO;4;1030;1024;1099;24
38458;ANÓNIMA;G4530.00;COSTA;EL ORO;MICROEMPRESA;SOCIETARIO;0;1000;1000;0;0
47661;ANÓNIMA;G4641.21;SIERRA;PICHINCHA;MICROEMPRESA;SOCIETARIO;3;1000;1000;0;0
61315;ANÓNIMA;G4663.21;COSTA;GUAYAS;MICROEMPRESA;SOCIETARIO;3;1000;1000;0;0
63683;ANÓNIMA;G4721.01;COSTA;GUAYAS;MICROEMPRESA;SOCIETARIO;3;1000;1000;0;0
75869;ANÓNIMA;G4742.00;COSTA;GUAYAS;MICROEMPRESA;SOCIETARIO;3;1000;1000;0;0
115606;ANÓNIMA;G4649.11;COSTA;GUAYAS;MICROEMPRESA;SOCIETARIO;4;1000;1000;0;0
129680;ANÓNIMA;G4719.00;COSTA;GUAYAS;MICROEMPRESA;SOCIETARIO;3;1000;1000;0;0
135916;ANÓNIMA;G4652.02;COSTA;GUAYAS;MICROEMPRESA;SOCIETARIO;2;1000;1000;0;0
142513;ANÓNIMA;G4630.95;COSTA;GUAYAS;MICROEMPRESA;SOCIETARIO;6;1000;800;0;0
301749;ANÓNIMA;G4610.03;COSTA;GUAYAS;MICROEMPRESA;SOCIETARIO;4;1000;1000;0;0
308565;ANÓNIMA;G4620.19;COSTA;GUAYAS;MICROEMPRESA;SOCIETARIO;4;1000;1000;0;0
124395;ANÓNIMA;G4719.00;COSTA;GUAYAS;MICROEMPRESA;SOCIETARIO;3;976,1;976,1;0;0
183318;ANÓNIMA;G4651.01;COSTA;GUAYAS;MICROEMPRESA;SOCIETARIO;7;914,99;836,11;0;0
26872;RESPONSABILIDAD LIMITADA;G4759.01;COSTA;GUAYAS;MICROEMPRESA;SOCIETARIO;4;909,68;909,68;0;0
715582;ANÓNIMA;G4530.00;SIERRA;PICHINCHA;MICROEMPRESA;SOCIETARIO;4;900;900;0;0
311442;ANÓNIMA;G4610.04;COSTA;GUAYAS;MICROEMPRESA;SOCIETARIO;4;818,48;818,48;140;18,48
67957;ANÓNIMA;G4719.00;COSTA;GUAYAS;MICROEMPRESA;SOCIETARIO;4;817,27;225,01;580;-574,99
64911;ANÓNIMA;G4630.32;COSTA;EL ORO;MICROEMPRESA;SOCIETARIO;4;813,92;720,6;0;0
170132;ANÓNIMA;G4763.00;COSTA;GUAYAS;MICROEMPRESA;SOCIETARIO;4;807,5;800;50;0
38524;ANÓNIMA;G4630.11;COSTA;EL ORO;MICROEMPRESA;SOCIETARIO;8;800;800;0;0
43859;ANÓNIMA;G4630.33;COSTA;GUAYAS;MICROEMPRESA;SOCIETARIO;4;800;800;0;0
60444;ANÓNIMA;G4630.31;COSTA;GUAYAS;MICROEMPRESA;SOCIETARIO;7;800;800;0;0
61636;ANÓNIMA;G4669.21;COSTA;GUAYAS;MICROEMPRESA;SOCIETARIO;4;800;800;0;0
63556;ANÓNIMA;G4690.00;COSTA;GUAYAS;MICROEMPRESA;SOCIETARIO;4;800;800;0;0
64649;ANÓNIMA;G4630.11;COSTA;GUAYAS;MICROEMPRESA;SOCIETARIO;4;800;800;0;0
71854;ANÓNIMA;G4649.12;COSTA;GUAYAS;MICROEMPRESA;SOCIETARIO;7;800;800;0;0
72362;ANÓNIMA;G4649.99;COSTA;GUAYAS;MICROEMPRESA;SOCIETARIO;4;800;800;0;0
74672;ANÓNIMA;G4719.00;COSTA;GUAYAS;MICROEMPRESA;SOCIETARIO;4;800;800;0;0
80415;ANÓNIMA;G4630.33;COSTA;GUAYAS;MICROEMPRESA;SOCIETARIO;4;800;800;50000;0
83206;ANÓNIMA;G4711.01;COSTA;GUAYAS;MICROEMPRESA;SOCIETARIO;4;800;800;0;0
83628;ANÓNIMA;G4741.11;COSTA;GUAYAS;MICROEMPRESA;SOCIETARIO;4;800;800;0;0
83936;ANÓNIMA;G4630.11;COSTA;LOS RIOS;MICROEMPRESA;SOCIETARIO;4;800;800;0;0
96410;ANÓNIMA;G4659.22;COSTA;MANABI;MICROEMPRESA;SOCIETARIO;6;800;800;0;0
97414;ANÓNIMA;G4652.01;COSTA;EL ORO;MICROEMPRESA;SOCIETARIO;8;800;800;0;0
99569;ANÓNIMA;G4649.93;COSTA;GUAYAS;MICROEMPRESA;SOCIETARIO;4;800;800;0;0
102266;ANÓNIMA;G4649.22;COSTA;GUAYAS;MICROEMPRESA;SOCIETARIO;3;800;-8464,51;2232,15;-9264,51
104698;ANÓNIMA;G4620.21;COSTA;GUAYAS;MICROEMPRESA;SOCIETARIO;8;800;800;0;0
111744;ANÓNIMA;G4659.11;COSTA;GUAYAS;MICROEMPRESA;SOCIETARIO;4;800;800;0;0
111994;ANÓNIMA;G4663.21;COSTA;GUAYAS;MICROEMPRESA;SOCIETARIO;4;800;800;0;0
112590;RESPONSABILIDAD LIMITADA;G4741.11;COSTA;GUAYAS;MICROEMPRESA;SOCIETARIO;6;800;800;0;0
115162;ANÓNIMA;G4669.12;COSTA;GUAYAS;MICROEMPRESA;SOCIETARIO;4;800;800;0;0
115773;ANÓNIMA;G4663.21;COSTA;GUAYAS;MICROEMPRESA;SOCIETARIO;4;800;800;0;0
127155;ANÓNIMA;G4641.31;COSTA;GUAYAS;MICROEMPRESA;SOCIETARIO;6;800;800;0;0
128849;ANÓNIMA;G4649.22;COSTA;GUAYAS;MICROEMPRESA;SOCIETARIO;4;800;800;0;0
129104;ANÓNIMA;G4649.95;COSTA;GUAYAS;MICROEMPRESA;SOCIETARIO;3;800;800;0;0
130087;ANÓNIMA;G4630.32;COSTA;GUAYAS;MICROEMPRESA;SOCIETARIO;3;800;800;0;0
130838;ANÓNIMA;G4530.00;COSTA;GUAYAS;PEQUEÑA;SOCIETARIO;4;800;800;0;0
131966;ANÓNIMA;G4669.30;COSTA;GUAYAS;MICROEMPRESA;SOCIETARIO;4;800;800;0;0
132154;ANÓNIMA;G4530.00;COSTA;GUAYAS;MICROEMPRESA;SOCIETARIO;4;800;800;0;0
133527;ANÓNIMA;G4719.00;COSTA;GUAYAS;MICROEMPRESA;SOCIETARIO;4;800;800;0;0
133710;ANÓNIMA;G4663.21;COSTA;GUAYAS;MICROEMPRESA;SOCIETARIO;4;800;800;0;0
133931;ANÓNIMA;G4663.21;COSTA;GUAYAS;MICROEMPRESA;SOCIETARIO;3;800;800;0;0
137692;ANÓNIMA;G4641.11;SIERRA;PICHINCHA;MICROEMPRESA;SOCIETARIO;4;800;800;0;0
138207;ANÓNIMA;G4690.00;COSTA;GUAYAS;MICROEMPRESA;SOCIETARIO;6;800;800;0;0
139988;ANÓNIMA;G4663.13;COSTA;GUAYAS;MICROEMPRESA;SOCIETARIO;4;800;800;0;0
143169;ANÓNIMA;G4649.97;COSTA;MANABI;MICROEMPRESA;SOCIETARIO;5;800;800;0;0
145495;ANÓNIMA;G4610.03;SIERRA;PICHINCHA;MICROEMPRESA;SOCIETARIO;4;800;800;0;0
145984;ANÓNIMA;G4669.12;COSTA;GUAYAS;MICROEMPRESA;SOCIETARIO;4;800;800;0;0
147252;ANÓNIMA;G4610.09;COSTA;GUAYAS;MICROEMPRESA;SOCIETARIO;2;800;800;0;0
149001;ANÓNIMA;G4772.01;COSTA;MANABI;MICROEMPRESA;SOCIETARIO;5;800;800;0;0
159740;ANÓNIMA;G4659.93;SIERRA;PICHINCHA;MICROEMPRESA;SOCIETARIO;7;800;800;0;0
166690;ANÓNIMA;G4649.24;COSTA;GUAYAS;MICROEMPRESA;SOCIETARIO;6;800;800;0;0
170818;ANÓNIMA;G4741.11;COSTA;GUAYAS;MICROEMPRESA;SOCIETARIO;4;800;800;0;0
171653;ANÓNIMA;G4781.00;COSTA;GUAYAS;MICROEMPRESA;SOCIETARIO;4;800;800;0;0
171843;ANÓNIMA;G4653.01;COSTA;GUAYAS;MICROEMPRESA;SOCIETARIO;3;800;800;0;0
174127;ANÓNIMA;G4620.12;COSTA;GUAYAS;MICROEMPRESA;SOCIETARIO;5;800;800;0;0
174903;ANÓNIMA;G4653.01;COSTA;GUAYAS;MICROEMPRESA;SOCIETARIO;3;800;800;0;0
175819;ANÓNIMA;G4630.11;COSTA;GUAYAS;MICROEMPRESA;SOCIETARIO;4;800;800;0;0
176919;ANÓNIMA;G4653.01;COSTA;GUAYAS;MICROEMPRESA;SOCIETARIO;4;800;800;0;0
181217;RESPONSABILIDAD LIMITADA;G4641.21;COSTA;GUAYAS;MICROEMPRESA;SOCIETARIO;4;800;800;0;0
182092;ANÓNIMA;G4630.12;COSTA;GUAYAS;MICROEMPRESA;SOCIETARIO;3;800;800;0;0
303428;ANÓNIMA;G4530.00;COSTA;GUAYAS;MICROEMPRESA;SOCIETARIO;4;800;800;0;0
303438;ANÓNIMA;G4799.01;COSTA;GUAYAS;MICROEMPRESA;SOCIETARIO;3;800;800;0;0
306041;ANÓNIMA;G4711.01;COSTA;GUAYAS;MICROEMPRESA;SOCIETARIO;3;800;800;0;0
306432;ANÓNIMA;G4630.11;COSTA;EL ORO;MICROEMPRESA;SOCIETARIO;4;800;800;0;0
307919;ANÓNIMA;G4741.13;COSTA;GUAYAS;MICROEMPRESA;SOCIETARIO;6;800;633,96;11,9;8,93
310525;ANÓNIMA;G4711.01;COSTA;MANABI;MICROEMPRESA;SOCIETARIO;3;800;800;24511,84;0
310927;ANÓNIMA;G4690.00;COSTA;GUAYAS;MICROEMPRESA;SOCIETARIO;4;800;800;0;0
311789;ANÓNIMA;G4659.94;COSTA;GUAYAS;MICROEMPRESA;SOCIETARIO;6;800;800;0;0
312191;ANÓNIMA;G4620.11;COSTA;GUAYAS;MICROEMPRESA;SOCIETARIO;6;800;800;0;0
312524;ANÓNIMA;G4530.00;COSTA;GUAYAS;MICROEMPRESA;SOCIETARIO;4;800;800;0;0
700947;ANÓNIMA;G4690.00;COSTA;GUAYAS;MICROEMPRESA;SOCIETARIO;3;800;800;0;0
701273;ANÓNIMA;G4530.00;COSTA;GUAYAS;MICROEMPRESA;SOCIETARIO;6;800;800;0;0
702685;ANÓNIMA;G4669.30;COSTA;GUAYAS;MICROEMPRESA;SOCIETARIO;4;800;800;0;0
703064;ANÓNIMA;G4530.00;COSTA;GUAYAS;MICROEMPRESA;SOCIETARIO;4;800;800;0;0
704203;ANÓNIMA;G4610.02;COSTA;GUAYAS;MICROEMPRESA;SOCIETARIO;4;800;800;0;0
704210;ANÓNIMA;G4530.00;COSTA;GUAYAS;MICROEMPRESA;SOCIETARIO;4;800;800;0;0
704500;ANÓNIMA;G4630.99;COSTA;GUAYAS;MICROEMPRESA;SOCIETARIO;4;800;800;0;0
704578;ANÓNIMA;G4659.22;COSTA;GUAYAS;MICROEMPRESA;SOCIETARIO;3;800;800;0;0
705050;ANÓNIMA;G4530.00;COSTA;GUAYAS;MICROEMPRESA;SOCIETARIO;4;800;800;0;0
705893;ANÓNIMA;G4659.24;COSTA;GUAYAS;MICROEMPRESA;SOCIETARIO;3;800;800;0;0
706725;ANÓNIMA;G4610.07;COSTA;GUAYAS;MICROEMPRESA;SOCIETARIO;3;800;800;0;0
713328;ANÓNIMA;G4630.21;SIERRA;PICHINCHA;MICROEMPRESA;SOCIETARIO;5;800;800;0;0
714143;ANÓNIMA;G4752.02;COSTA;GUAYAS;MICROEMPRESA;SOCIETARIO;7;800;800;0;0
716257;ANÓNIMA;G4530.00;COSTA;GUAYAS;MICROEMPRESA;SOCIETARIO;8;800;800;0;0
716445;ANÓNIMA;G4649.24;COSTA;GUAYAS;MICROEMPRESA;SOCIETARIO;8;800;800;0;0
716532;RESPONSABILIDAD LIMITADA;G4661.03;SIERRA;PICHINCHA;MICROEMPRESA;SOCIETARIO;6;800;800;0;0
716715;ANÓNIMA;G4510.01;SIERRA;PICHINCHA;MICROEMPRESA;SOCIETARIO;6;800;800;0;0
717504;ANÓNIMA;G4530.00;COSTA;GUAYAS;MICROEMPRESA;SOCIETARIO;4;800;800;0;0
719196;ANÓNIMA;G4752.01;COSTA;LOS RIOS;MICROEMPRESA;SOCIETARIO;4;800;800;0;0
719861;ANÓNIMA;G4530.00;COSTA;GUAYAS;MICROEMPRESA;SOCIETARIO;4;800;800;0;0
720638;ANÓNIMA;G4791.00;COSTA;GUAYAS;MICROEMPRESA;SOCIETARIO;4;800;800;0;0
720757;ANÓNIMA;G4669.12;COSTA;LOS RIOS;MICROEMPRESA;SOCIETARIO;6;800;800;0;0
721035;ANÓNIMA;G4663.13;COSTA;GUAYAS;MICROEMPRESA;SOCIETARIO;5;800;800;0;0
125671;ANÓNIMA;G4690.00;COSTA;GUAYAS;MICROEMPRESA;SOCIETARIO;4;774,31;774,31;0;0
149664;ANÓNIMA;G4651.01;COSTA;LOS RIOS;MICROEMPRESA;SOCIETARIO;4;750;573,79;5843;-4514,75
178273;RESPONSABILIDAD LIMITADA;G4741.12;COSTA;GUAYAS;MICROEMPRESA;SOCIETARIO;4;697,9;697,9;0;0
174003;RESPONSABILIDAD LIMITADA;G4630.99;SIERRA;PICHINCHA;MICROEMPRESA;SOCIETARIO;3;600;600;0;0
712986;RESPONSABILIDAD LIMITADA;G4651.02;SIERRA;PICHINCHA;MICROEMPRESA;SOCIETARIO;2;600;600;0;0
168072;RESPONSABILIDAD LIMITADA;G4659.22;SIERRA;PICHINCHA;MICROEMPRESA;SOCIETARIO;4;558,88;-5501,58;0;0
703652;ANÓNIMA;G4610.02;COSTA;GUAYAS;MICROEMPRESA;SOCIETARIO;4;509,91;-16910,47;0;0
9412;ANÓNIMA;G4730.01;COSTA;GUAYAS;PEQUEÑA;SOCIETARIO;4;508,95;508,95;0;0
158985;RESPONSABILIDAD LIMITADA;G4530.00;SIERRA;PICHINCHA;MICROEMPRESA;SOCIETARIO;2;500;500;0;0
305319;RESPONSABILIDAD LIMITADA;G4653.01;COSTA;EL ORO;MICROEMPRESA;SOCIETARIO;6;500;500;0;0
72774;ANÓNIMA;G4659.91;COSTA;GUAYAS;MICROEMPRESA;SOCIETARIO;3;478,29;-160,99;0;-230,74
716633;RESPONSABILIDAD LIMITADA;G4773.12;SIERRA;PICHINCHA;MICROEMPRESA;SOCIETARIO;6;443,11;-1427,33;452,67;-1827,33
714253;ANÓNIMA;G4663.11;COSTA;GUAYAS;MICROEMPRESA;SOCIETARIO;6;420;24,02;0;-5375,98
303715;RESPONSABILIDAD LIMITADA;G4610.09;SIERRA;PICHINCHA;MICROEMPRESA;SOCIETARIO;4;402,5;402,12;7;2,12
98467;RESPONSABILIDAD LIMITADA;G4659.99;ORIENTE;SUCUMBIOS;MICROEMPRESA;SOCIETARIO;6;400;400;0;0
162336;RESPONSABILIDAD LIMITADA;G4649.12;SIERRA;PICHINCHA;MICROEMPRESA;SOCIETARIO;4;400;400;0;0
162798;RESPONSABILIDAD LIMITADA;G4690.00;SIERRA;PICHINCHA;MICROEMPRESA;SOCIETARIO;3;400;400;0;0
166515;RESPONSABILIDAD LIMITADA;G4791.00;SIERRA;PICHINCHA;MICROEMPRESA;SOCIETARIO;6;400;400;0;0
167418;RESPONSABILIDAD LIMITADA;G4659.99;ORIENTE;SUCUMBIOS;MICROEMPRESA;SOCIETARIO;6;400;400;0;0
178464;RESPONSABILIDAD LIMITADA;G4690.00;SIERRA;PICHINCHA;MICROEMPRESA;SOCIETARIO;6;400;300;20;-100
303901;RESPONSABILIDAD LIMITADA;G4610.07;COSTA;GUAYAS;MICROEMPRESA;SOCIETARIO;3;400;400;0;0
309814;RESPONSABILIDAD LIMITADA;G4620.11;SIERRA;PICHINCHA;MICROEMPRESA;SOCIETARIO;6;400;400;0;0
310369;RESPONSABILIDAD LIMITADA;G4620.19;SIERRA;PICHINCHA;MICROEMPRESA;SOCIETARIO;6;400;400;0;0
721040;RESPONSABILIDAD LIMITADA;G4520.01;SIERRA;AZUAY;MICROEMPRESA;SOCIETARIO;4;400;400;0;0
80085;ANÓNIMA;G4730.01;COSTA;GUAYAS;MICROEMPRESA;SOCIETARIO;4;175,47;175,47;0;0